variant,Totalvalue,Vrijstand,waterPieces,waterarea
60,25166454.38,400.982603714992,3,"[7786, 10415, 999]"
40,18322154.92,366.82681596603067,1,[19200]
20,10719498.96,280.52562418976663,4,"[1276, 244, 11471, 6209]"
60,25150417.19,413.2488010630894,1,[19200]
40,18249283.900000002,371.6095535054995,3,"[14214, 4632, 354]"
20,10942230.86,295.8281703837627,1,[19200]
