variant,Totalvalue,Vrijstand,waterPieces,waterarea
60,24882775.89,391.2681927407209,2,"[16697, 2503]"
40,18363296.12,387.2351318279551,4,"[10638, 8186, 137, 239]"
20,11198383.47,294.4580058878757,2,"[10571, 8629]"
60,25457218.38,414.55745903903414,2,"[5533, 13667]"
40,18365890.689999998,365.44521871910194,3,"[15431, 1460, 2309]"
20,11491976.410000002,333.30611245005406,3,"[11014, 3397, 4789]"
